{"cameraMode":{"drawMode":0,"name":"Shaded","section":"Shading Mode"},"sceneLighting":true,"audioPlay":false,"sceneViewState":{"m_AlwaysRefresh":false,"showFog":true,"showSkybox":true,"showFlares":true,"showImageEffects":true,"showParticleSystems":true,"showVisualEffectGraphs":true,"m_FxEnabled":true},"in2DMode":false,"pivot":{"x":-0.03831342235207558,"y":0.36886101961135867,"z":0.027924031019210817},"rotation":{"x":-0.08615782856941223,"y":0.9097973108291626,"z":-0.2386191338300705,"w":-0.32849809527397158},"size":1.5679566860198975,"orthographic":true}